metric,n,friedman_stat,p_value,mean_mask,mean_replacement,mean_deletion
abs_delta_valence,6482,508.8552915766777,3.1876996187065445e-111,0.08985420202860266,0.10861880158553855,0.07846332860078373
abs_delta_arousal,6482,41.1576673866075,1.1553832922021822e-09,0.08233724557639246,0.08235306948165298,0.07715878348900378
delta_affect_shift_mag,6482,374.08207343412505,5.876379896488522e-82,0.1351921034321503,0.15079645819234044,0.12251934517925378
