outcome,n,mean_delta,median_delta,paired_t_stat,paired_t_p,wilcoxon_stat,wilcoxon_p
pred_valence_1_9,6482,-0.024938483341224504,-0.017287191076506225,-15.879000612040219,9.858700386175798e-56,7962319.0,6.248013915572865e-64
pred_arousal_1_9,6482,-0.02961315188648185,-0.03142345875814545,-21.182296444649797,2.4125020259049436e-96,6459396.0,7.247689262848003e-159
