outcome,n,mean,median,t_stat_vs_0,t_p_vs_0
abs_delta_valence,6482,0.08985420202860267,0.06362232314620542,78.30383707664133,0.0
abs_delta_arousal,6482,0.08233724557639246,0.05940997351327537,80.59479135191481,0.0
delta_affect_shift_mag,6482,0.13519210343215027,0.10689883055718016,99.87654542290606,0.0
