density_q,n_posts,mh_rate,mean_mh_sim
Q1,2311,0.22154911293812202,0.2541315693619645
Q2,2298,0.20539599651871193,0.25498368615100087
Q3,2288,0.20935314685314685,0.25363110163854896
Q4,2271,0.16336415675913693,0.2450122246635843
