outcome,mean_with_word,mean_without_word,mean_difference_with_minus_without,median_with_word,median_without_word,mannwhitney_u,p_value,cohens_d_with_minus_without
pred_valence_1_9,5.046582114971108,5.0710262952589655,-0.024444180287857442,4.989042041777518,5.015258498690195,8590163.0,0.3180535297062631,-0.01608499094912495
pred_arousal_1_9,4.909903098502686,5.018995245648191,-0.10909214714550508,4.967785700600267,5.082723738233772,8312015.0,0.0006495674364988402,-0.07732062483109574
